id,label
0,1
1,0
100,1
1000,1
10000,1
10001,1
10002,1
10004,1
10008,1
1001,0
10010,1
10013,1
10014,1
10015,0
10016,0
10017,1
10019,0
10020,0
1003,1
10030,1
10031,1
10033,0
10034,1
10036,1
1004,1
10040,1
10041,0
10044,1
10048,1
10049,1
10052,1
10053,0
10055,0
10056,1
10058,1
10059,0
10060,1
10062,1
10063,1
10064,0
10066,1
10067,0
10069,0
1007,0
10070,1
10072,0
10076,0
10077,1
1008,0
10080,0
10084,1
10086,0
10087,1
10088,0
10089,0
1009,0
10090,0
10096,0
10099,1
10100,1
10101,1
10102,1
10103,1
10104,0
10105,0
10106,1
10107,0
10108,0
10109,0
10111,0
10112,1
10113,1
10115,1
10119,0
1012,0
10125,1
10126,0
10127,1
10129,1
10137,1
10140,1
10143,0
10145,1
10149,1
1015,0
10150,0
10153,0
10154,0
10156,1
10159,1
1016,0
10161,0
10162,0
10163,0
10164,1
10165,1
10168,1
10169,0
1017,1
10171,1
10174,1
10179,0
10180,1
10184,1
10185,1
10186,1
10188,0
10191,1
10192,1
10193,0
10195,0
10196,0
10199,1
1020,1
10201,1
10203,1
10204,1
10207,1
10209,0
1021,1
10210,1
10212,1
10213,1
10214,0
10215,0
10217,0
10218,0
10219,0
10224,0
10226,1
10228,1
10229,1
10232,1
10234,0
10235,1
10239,0
1024,1
10242,0
10244,0
10245,1
1025,1
10250,1
10251,1
10253,0
10255,1
10256,0
1026,0
10261,1
10262,1
10264,1
10266,1
10267,1
1027,1
10273,1
10274,1
10275,1
10276,1
10277,0
10279,1
10280,1
10283,0
10288,0
1029,1
10293,1
10294,1
10295,1
10296,0
10300,0
10302,1
10304,0
10306,0
10307,0
10308,1
10311,0
10312,1
10317,1
10318,1
10319,1
1032,1
10320,1
10321,1
10322,0
10329,1
10331,1
10335,1
10336,1
10338,1
10339,0
10340,0
10342,1
10343,1
10348,1
10349,1
10353,1
10355,1
10356,0
10357,1
10360,0
10363,0
10366,1
10367,1
10368,0
10369,1
10370,0
10375,0
10377,0
10378,0
10379,1
1038,0
10381,0
10384,1
10385,0
10389,1
10392,1
10396,1
10397,1
10398,1
104,1
10404,0
10405,1
10406,0
10407,0
10408,1
10409,1
10410,0
10413,0
10415,1
10417,0
10418,0
1042,1
10423,1
10425,1
10428,1
10430,1
10431,1
10432,0
10435,0
10437,1
10438,0
10439,1
1044,1
10441,0
10442,1
10443,1
10445,0
10447,1
10448,0
1045,0
10450,1
10451,1
10453,0
10455,1
10459,1
10462,0
10463,1
10464,1
10468,1
10469,0
10471,1
10473,1
10475,1
10476,1
10477,0
10479,0
10481,0
10486,1
10487,1
10492,0
10494,1
10495,1
10496,0
10497,0
105,1
10501,1
10504,1
10505,0
10506,0
10507,0
10509,1
10512,0
10513,1
10518,1
10521,1
10522,1
10523,1
10524,0
10525,1
10527,0
10528,0
10529,1
1053,0
10533,1
10534,1
10535,0
10538,0
10539,0
10541,1
10542,0
10543,1
10544,1
10545,0
10547,0
10548,1
10549,0
1055,1
10552,0
10555,1
10556,0
10557,0
10558,0
1056,0
10560,0
10562,1
10566,0
10568,0
10573,0
10574,1
10577,0
10581,1
10586,0
10587,1
10589,1
10590,1
10591,1
10592,1
10593,0
10594,1
10596,1
106,1
1060,1
10601,1
10603,0
10604,1
10605,0
10607,0
10612,0
10614,1
10619,1
1062,1
10620,0
10623,0
10625,1
10626,1
1063,0
10630,1
10631,0
10632,0
10635,1
10636,0
10637,0
10638,0
10640,1
10641,0
10645,1
10646,0
10647,1
10649,1
10652,1
10653,1
10657,1
10660,0
10661,0
10662,0
10663,1
10664,0
10669,0
1067,0
10670,0
10672,0
10673,0
10674,0
10675,0
10678,0
10679,0
1068,1
10682,1
10683,0
10684,1
10692,1
10693,0
10694,1
10695,1
10696,1
10697,1
10699,1
1070,0
10701,1
10707,1
10708,0
10709,1
1071,1
10711,0
10712,0
10713,0
10714,1
10717,1
10720,0
10722,1
10723,1
10724,0
10726,1
10727,0
10729,0
10730,1
10731,1
10733,1
10734,0
10735,1
10736,1
10738,0
10739,0
10743,1
10746,1
10747,1
10749,1
10750,0
10751,1
10755,1
10758,0
10759,1
10760,0
10762,1
10766,1
10770,0
10772,1
10774,0
10775,1
10777,1
10779,0
10780,0
10781,0
10782,1
10789,0
10793,0
10796,1
10797,1
10798,1
10799,1
10800,0
10804,0
1081,1
10810,1
10812,0
10813,1
10814,0
1082,0
10821,0
10827,1
10828,1
1083,0
10831,1
10832,0
10833,0
10835,0
10837,0
10839,0
1084,1
10840,1
10841,0
10842,0
10843,1
10845,1
10847,0
10849,0
10850,1
10853,0
10856,1
10857,1
10858,1
10860,1
10863,1
10864,0
10866,0
10869,0
1087,0
10871,1
10872,0
10874,1
10875,0
1088,0
10881,0
10884,1
10885,0
10887,1
1089,0
10890,1
10891,0
10892,0
10893,0
10894,0
10897,0
109,1
1090,0
10900,1
10901,1
10903,0
10905,1
10907,1
10908,1
10912,0
10913,1
10915,0
10916,0
10919,0
1092,1
10920,0
10921,1
10923,0
10925,1
10927,1
10930,0
10936,1
10937,0
10939,1
1094,1
10940,0
10945,1
10949,1
1095,0
10950,1
10951,0
10953,0
10954,1
10957,1
10959,1
10962,1
10966,0
10967,1
10968,0
10969,0
10972,1
10974,0
10975,0
10976,1
10979,1
10980,0
10981,0
10982,1
10984,1
10986,1
10988,1
1099,0
10990,1
10995,0
10999,1
110,0
11003,0
11004,1
11005,0
11010,0
11011,1
11012,0
11013,1
11014,1
11015,1
11018,0
11019,0
1102,0
11021,0
11023,0
11025,0
11026,1
11027,0
11028,1
11029,1
1103,1
11033,1
11034,1
11036,0
11040,1
11041,0
11042,1
11044,1
11045,0
11048,0
11050,0
11051,1
11053,0
11054,0
11055,1
1106,1
11061,1
11063,0
11064,0
11066,1
11069,0
11072,1
11075,1
11079,0
1108,0
11080,0
11082,1
11083,0
11086,1
11088,1
11089,0
11092,1
11093,1
11094,0
111,1
1110,1
11101,0
11103,1
11104,0
11109,0
11110,1
11112,1
11113,0
11117,0
11118,0
11119,0
11121,1
11122,1
11124,0
11125,1
11127,0
1113,1
11131,1
11134,0
11136,0
11137,1
11138,0
11139,1
1114,0
11142,0
11143,0
11144,0
11145,1
11147,0
11148,1
11149,0
1115,1
11150,1
11151,1
11152,0
11153,1
11156,1
11158,0
11159,0
11162,1
11168,0
11170,0
11173,0
11176,0
1118,1
11182,1
11186,0
11188,0
11192,0
11193,0
11195,0
11197,1
11198,0
112,1
11200,1
11201,0
11202,1
11203,0
11206,1
1121,1
11215,0
11216,0
11218,1
11219,1
11220,0
11221,0
11223,1
11224,0
11225,0
11228,0
1123,0
11232,0
11233,1
11236,0
11240,1
11243,1
11244,0
11246,1
11247,0
11248,1
11249,0
11252,1
11253,1
11254,1
11255,0
11259,1
1126,1
11261,1
11264,1
11267,0
1127,1
11270,1
11271,0
11272,0
11274,1
11275,0
11276,0
11277,1
11279,1
1128,1
11281,1
11284,0
11286,0
11287,1
11289,0
11290,0
11291,1
11293,1
11296,0
11297,0
113,1
11300,1
11302,1
11304,0
11305,0
11306,0
11309,1
1131,1
11310,1
11311,1
11312,0
11315,1
11319,0
11321,0
11322,0
11324,0
11325,0
11328,1
11330,0
11334,1
11335,1
11337,1
11339,0
1134,1
11342,1
11343,1
11344,1
11345,1
11346,1
11349,0
1135,1
11353,0
11356,1
11357,1
1136,1
11360,0
11361,1
11364,0
11368,1
1137,0
11370,1
11371,1
11373,1
11375,0
11378,0
11379,0
11380,0
11381,1
11383,1
11384,0
11388,0
11389,1
1139,1
11391,1
11394,1
11395,1
11396,0
11398,0
11399,1
11402,1
11404,1
11406,0
11407,1
11409,1
1141,1
11412,0
11414,0
11415,0
11416,1
11417,1
11419,1
11420,0
11421,0
11422,0
11424,1
11425,0
11427,0
11428,1
11430,1
11432,0
11433,0
11434,0
11435,0
1144,1
11441,1
11442,0
11445,0
11446,1
11449,0
1145,0
11450,1
11451,1
11453,1
11458,1
11459,1
1146,1
11461,1
11463,1
11464,1
11465,1
11466,0
11467,0
1147,0
11471,0
11472,0
11473,1
11475,1
11478,1
11479,0
1148,0
11481,0
11482,1
11484,1
11487,0
11493,1
11494,1
11495,0
11497,0
11499,0
115,1
1150,0
11502,1
11504,0
11509,1
1151,1
11510,1
11512,1
11514,0
11516,0
11518,1
1152,0
11527,1
11528,1
11530,1
11531,0
11532,0
11533,1
11534,1
11535,0
11537,1
11538,1
11539,0
1154,1
11541,0
11544,1
11545,1
11546,1
11547,0
11548,1
11549,0
11550,1
11555,0
11557,0
11559,0
11562,1
11563,0
11564,1
11565,1
11567,0
11569,0
11576,1
11579,1
11580,1
11583,0
11584,0
11588,1
11589,0
1159,0
11591,0
11599,1
116,1
11600,0
11601,0
11602,1
11605,1
11606,0
11607,1
1161,0
11611,1
11616,1
11619,1
11622,0
11623,0
11624,1
11633,1
11634,1
11636,1
11637,1
11638,1
11642,1
11643,0
11646,0
11648,1
11650,1
11651,0
11653,0
11655,0
11657,1
11660,1
11661,1
11663,1
11667,1
11668,1
11671,1
11674,0
11675,0
11676,0
1168,1
11682,0
11683,1
11684,1
11687,1
11688,0
11693,1
11694,0
11695,1
11696,1
11698,1
117,0
1170,0
11702,0
11704,0
11708,1
11709,0
11711,0
11714,1
11716,1
11717,1
11718,0
11719,0
1172,0
11721,0
11723,1
11724,0
11727,0
11728,1
1173,0
11732,1
11735,0
11742,0
11747,1
11748,1
11749,0
11750,0
11751,1
11753,1
11754,1
11756,0
11758,1
11759,0
11762,1
11763,1
11764,0
11765,0
11766,0
11770,1
11771,1
11772,1
11773,0
11775,1
11778,0
1178,1
11782,1
11783,0
11786,0
11793,1
11794,0
11795,1
11798,0
118,1
11801,1
11802,1
11803,0
11804,1
11805,1
11806,1
11807,1
11808,1
1181,0
11810,1
11813,1
11815,0
11816,0
11817,0
11818,1
1182,1
11820,1
11821,1
11822,0
11823,0
11827,1
11828,0
11834,0
11836,1
11838,0
11841,1
11847,0
11848,1
11850,0
11852,0
11856,0
1186,0
11861,1
11863,1
11866,1
11870,1
11872,1
11873,1
11874,0
11875,1
11877,0
11879,1
1188,0
11880,1
11882,1
11883,1
11884,0
11885,0
11886,1
1189,1
11890,1
11891,0
11893,0
11894,1
11897,0
11898,0
11899,1
1190,0
11900,1
11902,1
11904,1
11905,0
11908,1
11909,1
11911,0
11914,1
11916,1
11917,1
11918,0
1192,0
11920,0
11922,1
11923,1
11926,1
11927,1
11928,1
1193,1
11930,1
11932,0
11935,0
11937,1
11939,0
1194,0
11943,0
11945,1
11950,0
11956,0
11961,0
11963,1
11968,0
11969,1
1197,1
11973,1
11976,1
11977,1
11982,0
11983,0
11986,1
11987,1
11988,1
1199,1
11990,0
11991,1
11992,1
11993,0
11995,1
11996,0
11997,1
11998,1
12,0
1200,1
12000,0
12001,1
12003,0
12004,0
12005,1
12006,0
12010,0
12011,0
12012,1
12013,1
12014,1
12017,1
1202,0
12020,0
12021,1
12022,0
12026,0
12027,0
12029,1
12031,0
12034,1
12035,0
1204,1
12042,0
12046,0
12048,0
12049,1
12050,1
12051,1
12052,1
12055,0
12056,0
12057,0
12058,0
1206,1
12060,0
12062,0
12064,1
12066,1
12067,0
12068,0
12069,1
1207,1
12072,0
12075,0
12076,1
12077,1
1208,0
12082,0
12083,0
12085,1
12086,0
12090,1
12091,1
12095,0
12097,1
12098,0
12102,1
12103,0
12105,1
12106,1
12107,1
12108,0
1211,1
12116,1
12117,1
12118,1
12119,0
12120,1
12121,0
12124,0
12125,1
12126,0
12127,1
1213,1
12131,1
12133,1
12134,0
12135,1
12136,1
12137,1
12139,1
1214,0
12141,1
12142,0
12144,1
12147,0
12150,1
12152,0
12153,0
12154,1
12155,1
12157,1
12158,0
12160,1
12163,0
12164,0
12167,1
12168,1
12172,1
12174,1
12175,1
12176,0
12178,0
12179,0
1218,0
12180,1
12185,0
12188,0
12189,0
12191,1
12194,1
12195,0
12196,1
12197,0
12198,0
12199,0
122,1
12200,1
12203,0
12205,0
12206,1
12207,1
12208,1
12209,1
12211,0
12214,0
12217,1
1222,1
12222,0
12224,1
12226,0
12227,1
12229,0
1223,0
12233,1
12235,1
12236,0
12238,1
12240,0
12242,0
12243,1
12244,1
12246,0
1225,1
12250,0
12251,0
12252,0
12254,1
12255,1
12256,0
12257,0
12259,0
12261,0
12262,0
12267,0
12268,1
1227,0
12270,1
12272,0
12273,1
12275,0
12276,0
12277,1
12278,1
1228,0
12282,1
12285,0
12286,0
12289,1
12290,0
12292,1
12295,0
12296,1
12298,1
12299,1
123,0
12302,0
12303,1
12304,0
12307,0
12309,1
12313,1
12314,0
12317,1
12318,1
12319,1
12320,0
12321,1
12323,1
12324,0
12325,1
12329,0
12330,0
12332,1
12333,1
12334,0
12335,1
12336,1
12339,0
1234,0
12341,1
12342,1
12343,1
12345,0
12346,1
12347,1
12348,0
1235,1
12350,1
12352,0
12354,0
12355,0
12356,1
12357,1
12360,1
12362,1
12365,1
12367,1
12369,1
12371,1
12375,1
12378,0
1238,1
12380,0
12381,1
12384,0
12386,1
12387,1
12390,1
12391,1
12392,0
12393,0
12395,1
12397,1
12399,0
124,0
1240,1
12401,0
12404,1
12406,0
12407,0
12408,0
12409,1
12412,1
12414,1
12417,0
12418,0
12420,1
12421,1
12422,0
12425,0
12426,1
12427,0
12428,0
12429,1
12430,0
12433,1
12434,1
12436,1
12438,0
1244,1
12440,0
12441,1
12446,1
12447,1
12448,0
12449,0
12451,0
12453,0
12455,0
12457,0
12458,1
12459,0
1246,1
12461,1
12465,1
12468,1
12469,1
12470,1
12471,0
12472,1
12473,0
12476,0
12477,0
12479,0
12480,0
12485,0
12487,0
12488,1
1249,1
12492,0
12493,1
1251,1
1253,0
1254,1
1257,0
1259,0
1260,0
1261,1
1264,1
1266,1
1269,0
1271,0
1272,0
1278,0
128,1
1280,0
1282,1
1283,1
1287,0
1289,0
1294,1
1295,0
1297,1
1298,1
13,1
1303,0
1307,1
1308,0
1309,0
131,1
1310,0
1311,0
1312,0
1314,0
1316,0
1317,0
132,1
1320,1
1322,1
1324,1
1326,0
1327,1
1328,1
1329,1
133,0
1331,1
1336,1
1338,1
1339,0
1340,0
1343,1
1345,0
1348,0
1349,0
1351,0
1352,1
1355,0
1357,1
1358,0
136,1
1360,0
1363,0
1365,1
1366,0
1367,1
1368,0
1369,1
137,0
1371,0
1375,0
1376,1
1379,0
138,0
1380,0
1382,1
1383,1
1385,0
1387,1
1389,1
139,1
1391,0
1392,0
1393,1
1394,0
1396,1
1398,1
1400,1
1401,1
1404,0
1405,0
1406,0
1408,1
141,1
1411,1
1414,0
1416,0
1417,1
1418,0
1419,1
142,0
1427,0
1428,0
1429,0
143,1
1430,0
1437,0
1438,0
1440,0
1442,1
1444,0
1445,1
1446,0
145,0
1450,1
1452,1
1453,0
1454,0
1457,0
1459,0
1463,1
1466,0
1467,0
1469,1
1472,0
1473,0
1474,0
1475,0
1478,0
1479,1
1480,1
1481,0
1482,1
1483,1
1484,1
1487,1
1489,1
1490,1
1491,1
1493,0
1494,1
1495,1
1496,1
1497,1
1498,0
150,1
1500,0
1503,0
1505,0
1507,0
1508,0
1509,1
151,1
1511,0
1513,1
1514,0
1515,0
1516,1
1517,0
1520,1
1521,0
1522,1
1523,0
1524,1
1526,0
1527,1
1528,1
153,0
1531,0
1533,0
1534,0
1537,1
1538,1
1539,0
1540,1
1543,0
1548,0
1549,0
1550,0
1553,1
1554,0
1556,0
1557,0
1558,1
156,0
1563,0
1564,1
1568,1
1569,0
157,1
1570,0
1573,0
1574,1
1575,1
1579,1
158,1
1580,0
1581,1
1582,1
1586,1
1589,0
159,0
1590,1
1591,1
1592,0
1593,1
1594,1
1595,1
1598,1
1599,1
16,0
160,1
1602,0
1603,0
1605,0
1608,1
1609,1
1611,1
1613,0
1614,1
1616,0
1619,1
162,1
1621,0
1622,0
1624,0
1627,0
1628,0
163,0
1635,1
1637,0
164,0
1640,0
1641,0
1644,0
1645,1
1647,1
1648,1
1649,0
1651,1
1652,1
1653,0
1654,0
1657,0
166,0
1664,1
1665,0
1666,0
1667,0
1668,0
167,0
1671,1
1673,1
1674,0
1677,1
1678,1
1679,0
168,0
1680,1
1681,0
1682,1
1683,0
1687,0
1688,0
1689,1
169,0
1692,1
1693,0
1694,1
1696,1
1697,0
1699,0
170,1
1702,0
1704,0
1706,1
1707,1
1708,0
1710,1
1711,0
1712,0
1714,1
1716,1
1717,0
1719,1
1720,0
1721,0
1722,0
1724,0
1725,1
1726,0
1727,0
1730,0
1735,0
1736,0
1737,0
1738,0
1739,1
1741,1
1742,0
1743,1
1746,0
1747,0
1748,1
175,1
1751,1
1755,1
1760,0
1761,0
1762,1
1765,1
1766,1
1770,0
1771,0
1774,1
1778,0
1779,0
1781,0
1782,1
1784,1
1785,0
1786,0
1788,1
1789,1
1793,1
1795,0
1796,1
1798,1
18,1
1800,1
1808,1
1810,0
1812,0
1813,0
1814,1
1817,1
1818,1
1819,0
182,0
1820,1
1822,0
1824,0
1826,0
1829,1
183,0
1830,0
1831,1
1838,1
1839,1
184,1
1840,1
1842,0
1843,0
1844,1
1845,1
1846,0
1849,1
1852,1
1853,1
1856,0
1857,1
1859,1
1860,0
1861,1
1863,1
1867,1
1868,0
187,0
1872,0
1873,0
1876,1
1877,0
1879,0
188,0
1881,0
1884,0
1886,1
1887,1
1888,0
1889,0
189,1
1890,0
1895,1
1897,1
1898,1
1899,1
19,0
1901,1
1908,1
1909,1
1910,1
1911,1
1913,0
1914,0
1915,1
1917,0
1920,0
1921,0
1922,0
1923,0
1926,1
1928,0
1929,1
1930,1
1931,0
1932,0
1933,0
1935,1
1937,1
1940,1
1943,0
1944,1
1945,0
1946,1
1947,1
1948,0
1950,1
1952,0
1959,0
196,1
1963,1
1972,0
1973,1
1974,1
1976,1
1978,1
1980,0
1982,0
1986,0
1988,1
199,0
1991,1
1992,1
1993,1
1995,1
1996,0
1998,0
2,0
200,0
2001,0
2002,1
2005,0
2006,1
2008,1
2010,0
2013,0
2015,1
2017,0
2018,0
2019,1
202,0
2020,0
2021,0
2024,0
2025,1
203,0
2031,0
2032,1
2033,0
2036,0
204,0
2043,1
2044,1
2049,0
2050,1
2052,0
2054,0
2055,1
2056,1
2059,1
206,1
2062,0
2063,0
2064,0
2065,1
2066,0
2067,1
2068,1
207,1
2070,1
2073,0
2077,0
2078,1
2079,0
208,0
2081,1
2082,1
2086,1
2088,1
2089,1
2092,1
2093,1
2094,0
2095,0
2101,1
2103,1
2104,0
2106,1
2107,0
2108,0
2110,0
2111,0
2115,1
2116,1
2124,1
2126,1
2131,0
2132,1
2134,1
2135,1
2136,1
2138,0
2139,0
214,1
2140,1
2141,1
2142,0
2145,1
2147,0
2148,1
2152,0
2153,0
2154,0
2157,0
2159,0
2160,1
2164,1
2167,0
2168,1
2169,0
217,0
2170,1
2171,1
2172,0
2174,1
2175,1
2176,1
2177,1
2178,1
2183,0
219,0
2190,1
2192,1
2193,1
2195,1
22,0
2200,1
2201,0
2202,0
2205,0
2207,1
2208,0
2209,1
221,1
2210,1
2211,1
2212,1
2213,0
2217,1
2218,0
2219,1
222,1
2220,0
2223,0
2224,0
2225,1
2230,1
2231,1
2232,1
2233,1
2235,0
2236,0
2239,0
2241,1
2246,0
2247,0
225,0
2250,1
2251,1
2252,0
2253,1
2254,0
2256,0
226,0
2260,0
2261,1
2263,1
2264,1
2267,1
227,1
2273,0
2275,0
2276,1
2277,1
2278,1
2279,1
2283,1
2284,0
2287,0
2290,0
2293,1
2294,1
2295,1
2296,1
2298,0
2299,0
230,1
2302,0
2303,1
2309,0
231,0
2310,1
2311,0
2315,1
2320,0
2321,0
2322,0
2323,0
2324,1
2326,0
2327,1
2328,1
2330,1
2331,1
2332,1
2337,0
2340,1
2341,1
2342,0
2344,0
2345,1
2346,1
2347,1
2348,0
2349,1
2350,1
2351,1
2352,1
2354,1
2355,0
2357,0
2358,1
2359,1
236,1
2362,0
2363,0
2365,1
2367,0
2369,0
237,0
2370,0
2375,1
2376,0
2377,1
2378,1
2384,1
2387,1
2388,0
2390,1
2392,0
2395,1
2399,0
2400,1
2402,0
2404,1
2406,0
2407,0
241,1
2410,0
2411,1
2412,1
2415,0
2416,1
2418,0
2419,1
2420,0
2421,0
2423,0
2425,1
2428,0
2429,0
243,1
2430,0
2432,0
2433,1
2435,1
2436,0
2437,1
2438,1
2439,0
244,1
2440,1
2441,0
2442,1
2446,1
245,0
2450,1
2451,1
2453,1
246,0
2463,1
2464,0
2468,0
2469,1
2471,1
2472,1
2473,1
2475,0
2478,1
248,0
2480,1
2481,0
2482,0
2484,1
2486,0
2487,1
2488,1
2489,1
2490,0
2491,0
2492,0
2493,0
2494,0
2496,0
2497,0
25,0
2500,1
2501,0
2504,1
2505,0
2508,1
251,0
2511,0
2514,1
2515,1
2517,1
2519,0
252,1
2520,0
2521,1
2523,1
2524,1
2527,0
2528,0
2532,0
2533,0
2535,0
2536,1
2537,0
2539,1
254,0
2540,0
2545,0
2546,1
2547,1
255,0
2552,0
2556,1
2557,1
256,1
2560,0
2561,0
2563,1
2564,0
2565,0
2568,1
2569,0
257,1
2572,0
2573,1
2576,1
2578,0
2579,0
2581,0
2582,1
2584,0
2586,1
2587,0
2588,0
259,1
2590,0
2593,1
2598,1
2601,0
2602,0
2605,0
2606,1
2607,1
2608,1
261,1
2611,1
2612,0
2613,1
2615,1
2617,1
2619,1
262,0
2622,0
2623,0
2627,0
2629,1
263,0
2630,1
2636,0
2637,0
2639,0
264,1
2641,1
2642,0
2645,0
2646,0
265,0
2650,1
2652,1
2654,1
2656,1
2657,0
2662,0
2663,1
2665,1
2667,0
2668,0
267,0
2670,0
2671,1
2672,1
2673,0
2674,1
2675,0
2676,1
2678,0
2679,0
2681,1
2683,1
2684,0
2686,0
2687,0
2691,1
2692,0
2693,1
2694,1
2695,0
2696,0
2699,1
2700,1
2701,1
2702,1
2703,0
2704,0
2711,1
2712,0
2713,1
2715,1
2719,0
272,1
2720,0
2724,0
2727,0
2728,1
2729,1
273,1
2730,1
2732,1
2734,1
2736,1
2737,1
2739,1
2741,0
2742,0
2743,0
2745,0
2746,0
2749,0
2751,1
2754,0
2755,1
2759,1
2762,0
2763,0
2765,0
2766,1
2767,0
2768,0
2771,0
2772,0
2778,1
278,1
2781,1
2782,1
2784,1
2785,0
2786,0
2787,1
2789,1
2791,0
2792,0
2796,0
2798,1
28,1
2800,0
2801,0
2806,0
2807,1
2809,1
2810,1
2811,0
2812,0
2813,1
2816,1
2818,1
2819,0
282,1
2822,0
2824,0
2825,0
2826,0
2827,1
2832,1
2833,0
2839,0
2840,0
2841,1
2843,0
2845,1
2846,1
2847,1
2853,1
2857,1
2858,0
2859,0
286,1
2863,0
2865,0
2867,1
2875,0
2876,1
2877,1
2879,1
288,1
2881,1
2882,0
2883,0
2884,0
2885,1
2888,1
2889,0
289,0
2895,1
2898,0
2899,1
29,1
2901,1
2902,1
2903,1
2904,0
2905,1
2907,1
2909,1
2911,1
2912,0
2914,0
2915,1
2916,0
2917,0
2919,1
2924,0
2925,0
2926,0
2928,0
293,1
2933,0
2936,0
2937,1
2939,0
2941,1
2943,1
2944,0
2947,1
2949,0
295,0
2950,0
2951,0
2953,0
2956,1
2958,0
2966,1
297,0
2972,0
2973,0
2974,1
2975,0
2976,0
298,1
2981,0
2982,1
2983,1
2985,1
2988,0
2991,1
2993,1
2994,0
2995,0
2996,1
2997,0
300,1
3000,1
3001,0
3003,1
3004,0
3005,1
3006,1
3007,0
3008,1
3014,1
3015,1
3017,1
3018,0
302,0
3020,1
3021,1
3023,0
3024,0
303,1
3032,1
3033,1
3040,0
3041,1
3043,1
3046,0
3047,1
3048,1
3052,1
3056,1
3057,1
3058,0
306,1
3060,0
3062,1
3063,1
3064,0
3065,0
3066,1
3068,1
3069,1
3070,0
3072,0
3073,0
3074,0
3076,1
3077,0
308,1
3080,0
3082,0
3083,0
3084,1
3085,1
3086,0
3087,0
3090,1
3092,0
310,0
3100,0
3103,1
3105,1
3106,1
3107,0
3108,1
311,0
3112,1
3115,1
3116,0
3119,1
312,0
3120,1
3122,0
3123,1
3124,0
313,1
3133,1
3134,1
3136,0
3137,0
314,1
3144,1
3145,1
3147,0
3149,0
3150,1
3151,0
3153,1
3154,0
3155,1
3158,0
3160,0
3161,1
3165,0
3167,0
3168,0
3169,1
3171,1
3174,0
3175,0
3176,1
3177,1
3181,1
3183,0
3185,0
3187,1
3189,0
3190,0
3192,1
3194,0
3197,0
3198,0
3199,1
32,0
3200,0
3202,0
3205,0
3206,0
3207,0
3208,0
3209,1
3212,0
3216,0
3220,0
3224,1
3225,1
3227,1
3229,0
3232,0
3234,1
3238,0
324,1
3240,0
3245,1
3246,0
3247,1
3248,1
3249,1
325,0
3250,1
3251,0
3252,0
3253,1
3254,1
3255,0
3258,0
3259,0
326,0
3261,1
3264,1
3266,1
3267,1
3268,1
327,1
3271,1
3272,1
3275,1
3276,0
3277,1
3278,1
3280,1
3281,0
3282,0
3285,1
3286,0
3289,1
329,1
3290,1
3292,1
3295,0
3297,0
3299,1
33,1
330,1
3302,1
3305,0
3307,0
3308,1
3309,0
3316,0
3319,1
3320,1
3323,1
3324,1
3325,0
333,1
3331,1
3332,1
3333,1
3334,0
3336,1
3337,0
3338,1
3339,0
3340,1
3341,1
3342,0
3344,1
3345,0
3346,1
3347,0
3350,1
3352,0
3353,1
3355,1
3356,1
3357,1
3358,0
3359,0
3364,1
3366,1
3367,1
337,0
3370,0
3372,0
3375,0
3377,1
338,1
3380,0
3381,1
3386,1
3389,1
3392,1
3393,0
3394,0
3395,0
3399,1
34,0
3403,0
3407,0
3408,1
3409,0
341,0
3412,1
3413,0
3415,1
3416,0
3417,1
3418,0
3419,1
342,1
3420,0
3421,0
3422,0
3424,1
3428,0
3430,1
3434,0
3435,1
3437,1
3438,1
3441,0
3444,0
3445,1
3447,0
345,0
3450,0
3454,0
3455,1
3458,1
3462,0
3466,0
3467,0
3468,0
3470,0
3476,1
3479,1
3480,1
3482,0
3484,1
3487,1
3488,1
349,1
3490,0
3491,1
3496,0
3499,1
35,1
350,1
3500,1
3501,0
3502,1
3504,0
3506,0
3509,1
3511,0
3515,1
3518,1
3519,0
352,0
3520,1
3521,1
3527,0
3529,1
353,1
3530,0
3531,0
3532,1
3533,1
3535,0
3536,1
3538,1
3541,1
3542,1
3543,0
3544,0
3547,0
3548,0
355,1
3551,1
3554,1
3555,1
3556,1
3558,0
3559,1
3564,1
3565,0
3567,1
357,0
3570,0
3571,1
3572,1
3576,0
3579,0
3580,1
3582,1
3583,0
3587,1
3591,1
3593,1
3595,0
3596,0
3597,0
3599,1
360,1
3602,0
3603,1
3606,0
3607,1
3608,1
3612,0
3615,1
3619,0
3620,0
3621,0
3624,0
3625,0
3626,1
3628,1
363,1
3633,1
3634,0
3636,0
3637,0
364,0
3641,0
3643,1
3644,0
3645,0
3648,0
3649,1
3650,1
3651,1
3652,1
3653,0
3654,0
3655,0
3657,0
366,1
3661,0
3662,1
3663,0
3664,0
3666,0
3667,1
3669,1
3670,1
3672,1
3673,1
3676,0
3678,0
3679,0
3680,1
3681,1
3682,0
3684,1
3688,0
369,0
3691,1
3692,0
3696,1
3698,0
3699,0
37,1
370,1
3701,0
3704,1
3705,1
371,0
3710,1
3713,0
3714,1
3715,1
3716,0
3718,0
3719,1
372,1
3720,1
3722,0
3723,1
3725,0
3726,1
3729,1
373,0
3730,1
3731,1
3732,1
3734,1
3736,0
3738,0
3739,0
3742,1
3746,1
3747,1
3752,1
3755,0
3756,1
3757,0
3758,0
376,1
3761,1
3762,0
3764,0
3769,1
377,1
3771,0
3776,1
3778,1
3779,1
3780,1
3782,1
3784,0
3785,1
3788,1
3789,0
3790,1
3791,1
3798,0
3799,0
38,1
380,1
3803,0
3804,1
3807,0
3808,0
3809,0
381,1
3810,1
3811,1
3813,1
3814,0
3815,1
3816,1
3817,1
3818,0
3819,1
382,1
3822,1
3824,1
3830,1
3831,1
3832,1
3836,0
3837,0
3839,1
384,0
3840,0
3841,0
3845,0
3846,0
3847,0
3850,0
3852,1
3853,0
3857,0
386,1
3861,0
3862,0
3864,1
3865,0
3866,0
3868,1
3869,1
3871,1
3875,1
3876,1
3878,0
3879,1
388,0
3880,1
3882,1
3883,0
3884,0
3892,1
3899,1
39,0
3901,1
3904,1
3906,1
3909,1
3910,1
3911,0
3914,1
3915,0
3916,1
3917,1
3918,1
3919,1
392,1
3922,1
3923,0
3924,0
3925,0
3926,0
3927,0
3930,1
3931,0
3934,0
3937,0
3938,0
394,1
3940,0
3942,1
3945,1
3947,1
395,1
3951,1
3952,1
3954,0
3956,0
3957,0
3958,0
3960,0
3961,0
3963,0
3965,1
3966,1
3968,1
3973,1
3976,1
3977,0
3978,1
3979,1
398,1
3980,1
3985,0
3987,1
3988,1
3989,0
399,1
3990,0
3992,1
3998,1
400,0
4001,1
4002,1
4003,1
4004,0
4005,0
4006,0
4007,0
401,1
4011,0
4012,1
4013,0
4016,0
4017,1
402,1
4022,0
4025,0
4026,1
4027,0
4028,0
403,0
4031,0
4032,0
4034,0
4035,1
4039,0
4040,1
4041,0
4042,1
4045,0
4047,1
4048,1
4049,1
4050,1
4051,1
4052,0
4053,0
4057,0
4058,0
406,0
4060,1
4061,1
4063,1
4064,1
4068,1
407,0
4070,0
4071,1
4073,1
4074,1
4075,0
4078,0
4084,1
4086,1
4087,1
409,0
4091,0
4092,0
4093,0
4095,0
4096,0
4097,1
4098,1
4099,1
410,0
4100,1
4101,1
4103,0
4107,1
4109,0
411,0
4111,0
4115,1
4118,1
4119,1
412,1
4121,0
4123,0
4124,1
4125,1
4127,1
4128,1
4129,0
413,0
4130,1
4136,1
4138,1
4139,1
4141,1
4145,1
4146,1
4149,1
415,1
4150,1
4151,0
4152,1
4153,1
4154,0
4155,1
4158,0
416,1
4160,0
4161,0
4162,0
4163,1
4164,1
4170,1
4173,1
4174,0
4175,0
4176,1
4177,0
418,1
4182,1
4185,1
4186,0
4188,1
4189,1
419,0
4190,0
4191,0
4192,1
4193,0
4197,1
420,0
4202,0
4203,0
4206,0
421,1
4213,1
4215,0
4216,1
4217,0
4218,1
4220,1
4221,1
4223,0
4226,1
4230,0
4232,0
4233,1
4234,1
4235,1
4238,1
4243,0
4244,1
4247,0
4249,1
4250,0
4251,0
4252,0
4255,0
426,1
4260,1
4263,0
4267,1
4269,0
4270,0
4271,0
4274,1
4276,1
4280,0
4286,1
4287,1
4292,0
4296,1
4297,1
4298,0
4299,1
430,1
4300,1
4301,1
4302,1
4303,1
4305,0
4306,0
4308,1
4313,0
4315,0
4317,0
4319,1
4320,0
4321,1
4322,0
4324,0
4328,0
4330,0
4333,0
4334,1
4335,0
4337,0
4339,1
434,1
4341,1
4342,0
4343,0
4345,0
4346,0
4347,1
4349,0
4350,1
4352,0
4354,1
4358,0
436,1
4361,1
4363,0
4364,1
4365,0
4366,1
4367,1
4369,1
437,0
4371,0
4372,0
4373,1
4374,1
4377,1
438,0
4382,1
4383,0
4385,0
4386,1
4388,1
4389,0
4390,0
4394,0
4397,1
44,1
440,1
4401,0
4405,0
441,1
4410,1
4412,0
4414,1
442,0
4426,0
4427,1
4429,1
443,1
4430,1
4434,1
4435,1
4436,0
4437,1
4438,0
4439,1
4440,1
4441,0
4443,1
4444,1
4449,1
445,0
4450,1
4454,1
4456,1
4458,1
4459,0
446,1
4461,1
4464,0
4465,0
4468,0
447,1
4470,1
4472,1
4473,0
4475,0
4476,1
4477,1
4478,1
448,0
4481,1
4482,1
4483,0
4484,1
4489,0
449,1
4491,0
4492,0
4495,1
4498,0
45,1
4502,0
4504,0
4505,1
451,1
4510,1
4512,0
4516,0
4519,1
4521,1
4523,1
4527,0
4531,1
4532,1
4533,1
4536,0
4537,1
4538,0
4539,0
4540,1
4546,1
455,1
4551,0
4555,1
4557,1
4558,1
4559,1
4561,1
4563,0
4572,0
4575,1
4577,0
458,0
4580,1
4581,0
4583,1
4585,1
4586,0
4588,1
4589,0
4590,0
4591,0
4592,0
4594,0
4595,1
4596,1
460,0
4600,0
4602,0
4603,0
4604,0
4606,1
4607,0
4608,1
461,0
4610,1
4612,0
4613,1
4616,1
4618,1
462,1
4620,0
4621,0
4622,0
4623,0
4625,0
4627,0
4631,0
4632,1
4634,0
4636,0
4637,1
4638,0
4639,1
4640,0
4644,1
4646,1
4651,0
4652,0
4653,0
4654,1
4656,0
466,0
4660,0
4661,0
4662,1
4663,0
4672,1
4673,1
4674,1
4675,1
468,1
4682,0
4683,1
4684,0
4685,0
4686,0
469,0
4690,1
4694,0
4695,0
4696,0
4698,1
4699,0
47,1
470,0
4700,1
4701,0
4702,1
4703,0
4707,0
4708,0
4710,1
4712,1
4713,0
4714,1
4717,0
4719,0
472,0
4720,1
4721,1
4724,0
4726,0
4727,1
4728,0
473,1
4732,0
4733,0
4734,0
4738,1
474,0
4743,1
4748,1
475,1
4750,1
4752,1
4754,0
4755,0
4759,0
476,0
4760,1
4762,0
4763,1
4764,0
4767,1
4768,1
4773,1
4774,1
4777,0
4778,0
478,0
4780,0
4782,1
4783,1
4784,1
4786,1
4787,0
4790,1
4792,1
4794,0
4795,0
4796,0
4798,0
480,1
4803,1
4804,0
4807,0
4808,1
481,1
4813,1
4814,1
4815,0
4816,0
4817,0
4818,0
482,1
4821,0
4824,1
4825,0
4826,0
4827,0
4828,1
4830,0
4831,1
4832,1
4836,1
4838,1
4841,1
4842,1
4847,0
4849,0
4850,1
4851,1
4855,1
4856,1
4858,0
4859,1
4863,0
4865,0
4868,0
4869,1
487,1
4870,1
4872,0
4873,0
4875,1
4883,0
4884,0
4885,0
4889,1
489,0
4894,1
4895,1
4899,1
4900,0
4901,0
4905,1
4908,0
4909,0
4916,0
4917,1
492,1
4920,1
4921,0
4922,1
4923,0
4924,0
4925,0
4927,0
493,0
4932,1
4934,0
4936,0
4937,1
4938,1
494,0
4942,0
4943,1
4945,1
4946,1
4947,1
4949,1
495,1
4951,1
4952,0
4953,1
4954,0
4955,0
4956,0
4958,0
4959,1
496,1
4960,1
4962,1
4963,0
4964,1
4965,0
4966,1
497,1
4971,0
4974,1
4976,0
4977,0
4979,0
498,0
4980,0
4981,1
4982,1
4983,0
4985,0
4987,1
4989,1
4990,0
4992,0
4997,0
4999,1
50,1
5003,0
5007,0
5008,0
5011,1
5013,1
5014,1
5015,1
5016,0
5017,1
5019,0
5020,1
5022,0
5023,0
5025,1
5029,0
503,0
5031,1
5034,1
5036,0
5037,1
5038,0
5040,0
5041,1
5042,1
5043,0
5045,0
5046,0
505,1
5051,1
5053,1
5054,0
5055,0
5056,1
5057,1
5059,0
506,0
5062,1
5064,0
5065,0
5066,1
5067,0
5068,0
5069,0
5071,0
5072,1
5073,1
5076,1
5078,1
5079,1
5080,1
5081,0
5084,0
5085,1
5087,0
5088,1
5089,0
509,1
5090,1
5092,1
5093,1
5095,1
5096,1
5097,0
5099,1
51,1
5102,0
5105,0
5107,1
5108,1
5109,0
511,1
5110,0
5111,1
5115,1
5117,0
512,0
5120,0
5122,0
5124,0
5125,0
5127,0
5128,0
5131,0
5133,0
5134,1
5136,1
514,0
5141,0
5145,0
5146,0
5147,1
515,1
5150,1
5151,0
5154,0
5157,0
5158,1
5159,1
516,1
5160,1
5161,0
5162,0
5167,0
5168,1
5171,1
5175,1
5178,1
5179,0
5181,1
5183,0
5184,1
5186,0
5187,1
5189,0
519,1
5191,0
5193,1
5195,1
5197,0
5198,1
52,0
5201,1
5203,0
5206,0
5209,0
521,1
5212,0
5216,0
5219,1
522,1
5220,0
5226,1
5228,0
523,1
5233,1
5234,0
5235,0
5238,1
524,1
5242,0
5244,1
5245,1
5246,1
5248,1
5251,0
5253,1
5254,1
5257,0
5258,0
5259,0
5262,1
5263,1
5265,1
5270,1
5271,1
5272,1
5274,1
5275,0
5276,0
5280,0
5281,0
5282,0
5283,1
5284,1
5285,0
5286,0
5289,1
5292,1
5294,1
5295,1
5306,1
5307,1
5308,0
5309,1
5315,1
5316,1
5318,0
532,0
5320,0
5321,0
5323,0
5324,1
5325,1
5329,1
533,1
5330,1
5332,0
5334,0
5335,0
5337,1
5339,1
534,0
5343,0
5344,0
5346,1
5347,0
5348,0
5349,1
535,1
5351,0
5353,1
5355,0
5358,1
5364,0
5367,1
5368,1
5369,0
5370,0
5371,0
5372,1
5374,0
5375,1
5376,1
5377,0
5379,1
5380,0
5381,1
5384,1
5385,1
5388,1
5390,1
5392,1
5395,0
5396,0
540,1
5400,0
5406,1
5409,0
5410,1
5411,0
5413,0
5416,0
5421,1
5422,0
5423,1
5424,1
5425,1
5426,1
5427,1
5428,0
543,0
5430,1
5432,0
5433,1
5435,0
5436,1
5437,0
5439,1
5441,0
5443,1
5446,0
5449,0
545,1
5452,0
5453,0
5455,1
5459,0
546,1
5461,1
5462,0
5463,1
5467,1
5468,1
5469,1
547,0
5470,0
5474,1
5475,0
5476,0
5479,1
548,0
5480,1
5481,0
5483,1
5484,0
5490,1
5493,0
5494,1
5497,1
5499,1
5500,0
5502,1
5503,0
5504,0
5505,0
5508,1
5510,0
5513,1
5514,1
5518,1
5519,0
5521,0
5523,1
5524,0
5525,1
5526,0
5527,1
5529,0
5531,0
5533,0
5534,1
5535,1
5536,1
5538,1
5542,1
5543,1
5544,1
5545,1
5546,1
555,0
5553,1
5554,0
5558,1
5559,1
5561,1
5562,0
5563,1
5565,1
5566,0
5567,1
5568,1
5569,0
557,1
5570,0
5571,1
5572,0
5573,0
5574,0
5575,1
5576,1
5578,0
5580,1
5581,1
559,0
5590,0
5594,0
5596,0
5597,1
5599,0
56,0
560,0
5600,1
5604,1
561,0
5610,0
5612,1
5613,1
5615,0
5616,1
5618,0
562,0
5621,0
5624,0
5625,1
5626,0
5629,1
5631,0
5632,0
5634,0
5635,0
564,1
5640,1
5645,0
5646,0
5651,0
5654,0
5655,1
5656,1
5657,0
5661,0
5662,1
5663,0
5667,1
5668,0
567,0
5671,1
5672,1
5675,0
5677,1
5678,0
568,0
5681,1
5682,1
5683,0
5686,1
5689,1
569,0
5691,1
5692,0
5693,0
5695,0
5696,1
5697,0
5706,1
5707,0
5709,0
5714,0
5715,1
5716,1
572,1
5722,0
5723,1
5726,1
573,0
5730,1
5734,0
5736,0
5738,1
5739,0
574,0
5740,0
5741,1
5742,0
5743,0
5745,1
5747,1
5748,0
5749,1
5750,1
5753,0
5755,1
5757,0
5759,1
5761,0
5762,1
5763,1
5767,1
5768,0
5769,1
577,0
5771,1
5773,0
5776,0
5777,0
5779,0
5780,1
5781,0
5782,0
5786,1
5787,1
5789,1
579,1
5790,1
5791,1
5792,1
5794,1
5796,1
5797,0
58,1
580,1
5800,1
5801,1
5802,0
5805,0
5806,0
5808,1
581,1
5810,1
5811,1
5816,0
5819,0
5820,1
5823,1
5824,0
5825,1
5829,0
583,0
5833,0
5835,0
5836,0
5837,0
5840,1
5842,1
5844,0
5845,0
5847,1
5848,1
5849,0
585,0
5852,0
5853,1
5855,0
5856,1
5857,1
5859,0
5862,0
5865,0
5866,0
5868,0
5869,1
587,0
5871,0
5872,1
5873,0
5875,0
5876,1
5879,0
5881,0
5882,0
5885,1
5886,1
5888,0
589,0
5890,1
5891,0
5893,1
5894,0
5895,0
5896,1
5898,1
590,1
5900,0
5902,0
5907,1
5909,1
5911,0
5915,1
5918,0
5919,0
592,0
5920,0
5921,0
5922,1
5925,0
5926,0
5930,0
5934,1
5937,1
5938,0
5941,0
5942,1
5945,0
5946,0
595,0
5952,0
5957,1
5959,1
5960,1
5961,0
5963,1
5969,1
5971,1
5974,0
5975,1
5976,1
5977,1
5979,1
5981,1
5982,1
5984,0
5985,0
5986,0
5988,0
5989,1
5990,1
5991,1
5992,1
5993,0
5996,1
5998,0
5999,1
6,1
6004,0
6006,1
6007,1
6008,1
6009,1
6010,1
6011,0
6014,0
6015,1
6016,0
602,0
6022,0
6024,0
6025,1
6030,0
6031,1
6033,0
6037,0
6039,0
604,0
6042,1
6044,0
6051,0
6052,0
6055,0
6057,0
6058,0
6061,1
6066,1
6067,0
6068,0
6069,0
607,1
6070,1
6073,0
6076,0
6078,0
6082,1
6084,1
6085,1
6087,0
6088,0
609,0
6091,0
6094,0
6098,0
6100,1
6102,1
6104,1
6109,0
611,1
6110,1
6111,0
6114,0
6115,1
6117,1
6119,0
6121,1
6123,1
6126,1
6127,1
6128,1
6129,0
613,1
6133,1
6136,1
6137,1
6138,0
6139,1
6144,0
6145,1
6147,1
6148,1
615,0
6151,0
6154,0
6155,0
6156,0
6157,1
6158,1
6159,1
6160,1
6162,1
6168,0
6169,1
617,0
6170,0
6171,1
6173,0
6175,0
6183,1
6185,1
6186,1
619,0
6190,0
6191,1
6192,1
6193,1
6195,0
6198,1
6201,0
6202,0
6204,1
6205,0
6206,1
6209,0
6212,1
6216,1
6221,0
6222,0
6224,1
6225,0
623,0
6230,1
6233,1
6234,1
6235,0
6236,1
6238,1
6240,1
6243,1
6249,1
6250,0
6252,0
6254,1
6257,0
6258,1
6260,0
6266,1
6267,1
6268,0
6270,0
6272,1
6275,1
6276,0
6279,1
6281,0
6283,1
6286,1
6287,1
6288,0
6289,0
629,0
6290,1
6291,0
6292,0
6294,1
6296,0
6297,0
6298,0
63,1
6300,0
6301,1
6302,0
6303,1
6305,0
6307,1
6308,1
6309,0
631,1
6310,0
6311,0
6314,0
6318,1
6321,0
6322,0
6323,1
6324,0
6325,1
6328,0
6330,1
6331,1
6333,1
6335,0
6337,1
6338,0
6339,1
6340,1
6341,1
6343,0
6344,1
6345,1
6347,0
6349,1
6351,0
6353,0
6355,0
6358,0
6359,0
6362,1
6366,0
6367,0
6371,1
6377,0
6379,1
638,1
6380,0
6381,0
6382,0
6385,1
6387,0
639,1
6390,1
6391,1
6392,0
6395,0
64,1
6403,1
6406,0
641,1
6411,0
6412,1
6415,0
6417,0
642,0
6420,1
6421,0
6422,0
6423,1
6426,1
6427,1
6429,0
643,1
6436,1
6442,0
6444,0
6445,0
6446,0
6448,1
6451,0
6453,0
6454,0
6455,1
6456,1
6457,1
6460,1
6461,1
6462,0
6463,0
6465,0
6475,0
6476,1
6477,1
6478,1
6480,0
6481,1
6482,1
6484,0
6486,1
6488,0
6489,1
649,0
6490,1
6491,0
6493,1
6494,0
6496,0
6497,1
65,0
650,0
6501,1
6506,1
651,0
6513,1
6516,0
6521,1
6522,1
6523,0
6525,0
6526,0
6527,0
6531,1
6532,1
6533,1
6534,1
6535,1
6537,1
6539,1
6540,1
6542,1
6545,1
6547,0
6548,1
6550,0
6555,1
6556,1
6561,1
6564,1
6565,0
6566,1
6568,1
6569,1
6570,1
6572,0
6576,0
6577,1
658,0
6580,1
6581,0
6582,0
6584,1
6585,1
6587,0
6589,0
659,1
6590,1
6593,0
6596,1
6597,1
660,1
6601,0
6602,0
6603,1
6604,0
6606,0
6609,0
6612,1
6614,0
6619,1
6620,1
6621,0
6626,0
6634,0
6635,1
6637,0
6638,1
6640,1
6641,1
6642,0
6644,1
6645,0
6648,1
6649,0
6654,1
6656,1
6658,1
6661,1
6662,0
6663,0
6665,1
6666,1
6667,0
6668,1
6669,1
6671,0
6672,0
6675,0
6676,1
6677,1
668,0
6681,0
6683,1
6686,1
6687,0
6688,0
6689,0
6691,0
6692,1
6693,1
6694,0
6699,0
670,0
6702,1
6704,1
6706,0
6707,0
6708,1
671,1
6712,1
6714,0
6715,0
6716,1
6717,0
6718,0
6721,0
6728,0
6730,1
6731,0
6734,1
6735,1
6736,0
6737,1
6738,1
6739,0
6740,1
6741,1
6742,0
6747,1
6753,0
6754,1
6755,0
6757,1
6758,0
676,1
6764,0
6765,1
6766,1
6769,0
6772,1
6774,1
6777,0
6778,1
678,0
6780,0
6781,0
6782,0
6785,1
6788,0
679,1
6790,1
6793,0
6795,1
6797,1
68,0
6801,1
6804,0
6805,0
6807,1
6808,0
6809,1
681,1
6810,1
6814,0
6815,0
6817,1
6820,0
6822,0
6824,1
6825,1
6826,0
6829,0
683,1
6830,0
6831,1
6832,1
6836,0
6837,0
6838,0
6840,1
6842,0
6843,0
6844,0
6845,1
6846,0
6847,1
6848,1
6849,0
6851,0
6852,0
6853,1
6854,0
6855,1
6856,1
6859,1
686,0
6860,0
6861,1
6864,0
6866,1
6868,1
687,1
6875,1
6876,0
6877,1
6881,0
6882,1
6884,1
6885,1
6891,0
6892,1
6895,0
6897,0
6898,1
6899,1
69,1
6904,0
6906,1
6908,0
6910,1
6912,0
6913,0
6916,1
6917,1
6918,0
6920,1
6921,0
6922,1
6923,1
6926,1
6927,1
6928,1
6930,1
6934,0
6935,0
6936,1
6939,0
6940,1
6942,1
6945,1
6947,0
6949,1
6950,1
6952,0
6953,0
6954,0
6956,1
6957,0
6961,0
6962,1
6963,1
6964,0
6965,1
6967,1
697,1
6970,1
6972,1
6973,0
6976,0
6979,0
6980,0
6982,1
6983,0
6986,0
6991,0
6994,0
6996,0
6997,1
6999,1
7000,1
7003,0
7005,1
7007,0
7009,1
701,1
7013,1
7015,1
7016,1
7017,1
7018,0
7019,1
702,0
7020,0
7021,0
7024,0
7025,1
7026,0
7028,0
7029,0
7030,0
7033,0
7034,0
7039,0
7041,1
7043,0
7044,0
7045,0
7048,0
7049,1
7050,1
7051,0
7053,1
7054,1
7057,0
7058,0
7060,0
7061,0
7063,1
7066,1
707,0
7070,0
7073,1
7074,1
7079,1
7080,0
7082,1
7083,0
7085,1
7086,0
7088,1
7091,1
7096,1
7097,1
7099,0
7100,0
7101,0
7102,0
7103,1
7104,0
7106,0
7107,1
7108,0
7109,1
711,1
7110,1
7112,0
7114,1
7116,1
7120,0
7122,1
7125,1
7129,0
7130,1
7131,1
7139,0
714,0
7141,0
7143,0
7144,1
7145,1
7146,0
7150,0
7151,1
7154,0
7156,0
7157,1
7160,0
7161,1
7163,1
7166,0
7168,1
717,0
7170,1
7175,0
7177,1
7178,1
718,1
7180,1
7181,0
7183,0
7185,0
7188,1
7190,0
7191,0
7192,1
7194,1
7196,1
7197,1
7198,0
7203,1
7204,1
7206,0
7208,0
7209,0
7210,1
7211,0
7212,1
7213,0
7215,0
7216,1
7217,0
7218,0
7219,0
722,1
7220,1
7221,1
7222,1
7223,1
7227,0
7229,0
723,1
7231,1
7234,0
7235,0
7236,1
7238,0
7239,1
7240,1
7243,0
7248,1
725,0
7251,1
7252,0
7254,1
7255,1
7256,0
726,0
7261,1
7262,0
7263,0
7266,0
7271,1
7273,1
7274,1
7275,1
7276,1
7277,0
7279,1
728,0
7281,1
7282,1
7285,1
7288,1
7289,0
729,1
7291,1
7292,0
7293,0
7296,0
7297,0
7299,1
7301,1
7303,1
7311,1
7313,1
7315,0
7317,0
7321,0
7322,0
7326,0
7329,0
733,1
7330,1
7334,0
7335,1
7338,0
7339,1
7343,0
7345,1
7347,1
7350,0
7357,1
7358,0
7359,1
7360,1
7361,0
7362,1
7363,1
7364,0
7365,1
7369,1
7372,1
7373,0
7374,0
7375,0
7378,0
7379,0
738,1
7381,0
7382,1
7386,0
7387,0
7390,0
7391,0
7392,1
7394,1
7395,0
7396,1
7399,1
74,0
7401,1
7402,1
7408,0
7409,1
7411,1
7412,1
7413,1
7419,1
742,0
7422,0
7424,1
7425,1
7428,1
7430,0
7431,1
7434,1
7436,1
7437,1
7438,0
7441,1
7443,0
7444,1
7445,0
7452,1
7454,0
7456,0
746,0
7464,0
7465,0
7466,1
7468,1
7469,1
7471,0
7473,0
7474,1
7475,1
7477,0
7479,1
748,1
7480,1
7481,1
7482,0
7483,0
7484,1
7486,1
7488,1
7489,0
749,1
7491,0
7493,0
7495,0
7496,1
7498,0
750,0
7501,1
7504,1
7506,0
7507,0
7509,0
751,0
7510,1
7511,0
7515,1
7517,0
7520,1
7527,1
7529,1
753,1
7533,0
7539,1
7540,0
7542,0
7543,0
7544,0
7545,1
7547,1
7548,1
755,1
7550,1
7554,0
7555,0
7556,0
7557,1
7558,1
7560,1
7561,1
7563,0
7565,0
7566,1
7571,1
7575,0
7576,0
7578,1
7580,1
7582,1
7583,0
7584,0
7585,0
7586,1
7587,0
7588,1
7589,0
759,1
7590,1
7593,1
7595,1
7596,1
7599,1
760,0
7600,1
7603,1
7606,0
7610,1
7611,1
7612,0
7614,1
7619,1
762,0
7620,0
7623,1
7625,1
7626,0
7627,0
7628,1
7629,0
763,1
7630,0
7631,1
7636,1
7638,0
764,0
7640,1
7641,0
7642,1
7643,1
7647,0
7651,1
7652,1
7653,0
7657,0
7662,1
7666,0
7667,0
7669,1
7670,1
7672,0
7679,1
7681,0
7684,1
7685,0
7686,0
7687,1
7688,0
7691,1
7694,0
7695,0
7696,1
7697,0
7698,0
77,0
7700,1
7704,1
7705,1
7707,0
771,1
7710,0
7712,1
772,0
7721,1
7722,1
7723,1
7725,0
7726,0
7728,0
7734,0
7737,1
7738,1
7739,1
7740,0
7742,1
7743,1
7745,1
7746,1
7748,0
775,1
7750,1
7753,0
7754,1
7755,1
7756,1
7757,0
7758,0
7759,0
7760,0
7761,0
7764,1
7765,1
7766,0
7767,0
7768,0
7769,1
7770,0
7771,0
7773,1
7774,1
7775,0
7776,1
7777,1
7781,1
7783,1
7784,1
7786,1
7787,0
7788,1
7792,0
7794,1
7795,1
7798,1
7799,1
78,0
780,1
7801,1
7802,1
7803,0
7805,1
7806,1
7808,1
7809,0
7810,0
7813,1
7816,1
7818,0
782,1
7821,0
7822,1
7825,0
7826,0
7829,1
783,0
7830,0
7831,1
7832,0
7833,0
7834,0
7835,1
7836,1
7837,1
7838,0
784,1
7840,0
7841,1
7843,1
7844,1
7849,0
785,1
7851,1
7856,1
786,1
7865,1
7866,0
7867,0
7869,0
787,1
7871,1
7875,0
7876,1
7880,1
7882,0
7883,0
7885,1
7887,0
7889,1
7890,0
7895,1
7897,0
7898,0
7899,1
790,1
7900,1
7901,1
7902,0
7903,0
791,0
7912,1
7914,1
7915,1
7918,1
7919,1
792,0
7920,0
7921,1
7925,1
7930,1
7931,0
7932,1
7933,1
7939,1
7941,0
7942,1
7948,1
7949,0
7950,1
7951,0
7953,1
7958,1
796,0
7960,0
7964,1
7966,0
7968,0
7969,1
797,0
7970,1
7972,1
7973,1
7975,0
7976,0
7978,0
7980,1
7985,0
7987,1
7988,1
799,0
7990,1
7991,0
7992,0
7998,1
7999,1
8,1
80,1
800,1
8002,1
8007,1
801,1
8012,1
8016,0
802,0
8024,1
8028,1
8030,0
8031,1
8032,0
8033,1
8035,1
8039,0
804,1
8040,0
8042,1
8043,0
8044,0
8047,1
8051,1
8052,1
8053,1
8056,0
8057,0
8062,0
8063,0
8064,1
8066,1
8067,1
8068,0
807,0
8071,1
8076,0
8077,1
8078,1
8079,0
8080,0
8083,0
8085,1
8086,0
8087,0
8088,0
8089,0
8092,0
8094,0
8095,0
8097,1
8098,0
8099,1
8100,0
8102,0
8105,0
8106,1
8107,0
8109,0
8110,1
8115,1
812,1
8121,0
8123,1
8124,0
8125,0
8126,1
8128,1
8129,1
8131,1
8132,0
8133,1
8134,1
8135,0
8137,1
8140,1
8142,1
8144,0
8149,1
8150,1
8151,1
8152,0
8156,0
8159,0
8161,0
8162,0
8163,0
8166,0
8167,0
8169,0
8170,1
8171,0
8172,1
8173,1
8175,0
8178,0
8179,0
8181,0
8182,0
8184,0
8190,1
8194,0
8196,0
8197,1
8200,1
8205,1
8207,0
8209,1
8210,1
8211,0
8212,1
8213,1
8215,1
8219,1
8220,1
8221,0
8224,1
8225,0
8226,0
8228,0
8232,1
8237,1
8239,0
824,1
8241,1
8243,1
8244,0
8245,0
825,1
8252,0
8254,0
8258,0
8259,1
8261,0
8263,0
8264,1
8268,0
8270,0
8271,1
8275,1
8276,1
8278,0
8280,1
8282,0
8284,0
8286,0
8288,0
8289,1
829,1
8295,0
8297,0
8298,1
8299,0
8302,1
8305,0
8306,0
8309,1
8314,1
8315,0
8318,1
8320,0
8321,1
8322,1
8323,1
8324,1
8325,0
833,1
8333,0
8335,1
8337,0
8338,0
8339,0
8341,1
8342,1
8344,1
8345,1
8347,0
835,0
8350,0
8351,1
8352,1
8353,1
8354,1
8359,0
8365,0
8369,1
837,1
8370,1
8372,1
8374,0
8376,1
8377,1
8379,1
838,0
8380,0
8381,0
8382,0
8385,1
8386,0
8387,1
839,1
8390,1
8392,0
8393,1
8394,1
8395,1
8397,1
840,0
8400,1
8401,1
8403,0
8406,0
8409,0
841,1
8411,1
8412,0
8413,1
8415,0
8416,0
8419,1
8422,1
8423,1
8424,1
8427,0
8428,1
843,0
8430,1
8432,1
8434,1
8435,1
8438,0
8439,1
8440,1
8441,0
8442,0
8443,0
8444,1
8445,1
8446,1
8448,0
8449,1
845,0
8451,0
8453,1
8455,0
8458,1
846,0
8466,1
8469,0
847,0
8472,0
8473,1
8476,0
8478,1
8480,1
8482,0
8485,0
8486,1
8487,0
8488,1
8489,0
849,0
8492,1
8494,0
8495,0
8496,0
8497,0
85,0
8500,0
8502,1
8503,1
8504,0
8506,1
8508,1
8509,1
8511,1
8512,0
8513,0
8514,0
8516,1
8517,1
8519,1
8520,0
8523,0
8524,1
8526,0
8527,0
8528,0
8529,0
853,1
8531,0
8532,1
8533,1
8535,0
8537,1
854,1
8540,1
8543,1
8544,1
8545,1
8546,0
8547,1
8550,0
8551,1
8555,1
8556,1
8557,0
8558,0
8559,0
856,1
8560,1
8561,1
8564,1
8567,1
8569,0
8570,0
8571,1
8572,0
8574,0
8578,0
8579,0
858,1
8581,1
8582,0
8583,0
8584,0
8585,1
8586,0
8587,0
8588,0
8591,0
8592,0
8594,1
8595,0
8597,1
8598,0
860,0
8601,0
8602,1
8603,1
8604,0
8605,0
8608,0
8612,1
8613,0
8614,1
8616,0
8617,1
8618,1
8619,0
862,1
8621,1
8622,1
8628,1
863,1
8631,0
8632,0
8634,1
8635,0
8637,0
8639,1
864,1
8642,1
8647,1
8648,1
8649,0
865,1
8656,1
8657,0
8659,0
8661,0
8667,0
867,0
8670,0
8671,1
8676,1
8679,1
8681,0
8682,0
8684,0
8689,1
8691,0
8692,0
8696,0
870,1
8700,0
8701,0
8704,1
8705,0
8707,0
871,0
8710,0
8713,0
8714,1
8715,1
8720,1
8722,0
8723,1
8724,0
8725,1
873,1
8732,1
874,1
8742,1
8744,0
8745,1
8746,0
8747,1
8748,1
8749,1
8754,0
8757,1
8758,0
8759,0
8760,1
8762,0
8763,1
8764,1
8768,0
8769,0
877,1
8770,1
8772,0
8773,1
8774,0
8775,0
8777,1
8779,1
878,0
8781,1
8784,1
8785,1
8786,0
8787,1
8788,1
8791,1
8797,0
8798,1
88,0
880,0
8801,0
8802,0
8805,0
8808,1
8809,0
881,1
8810,0
8815,1
8817,1
882,0
8820,1
8821,0
8827,0
8828,1
883,1
8831,1
8832,1
8834,1
8835,0
8837,1
8838,0
884,1
8842,0
8843,0
8844,1
8846,0
8847,1
8848,1
8849,0
885,1
8851,1
8852,1
8853,0
8855,0
8856,1
8858,1
8864,1
8865,0
8867,1
8868,0
887,1
8871,0
8872,1
8876,0
8877,0
8879,1
888,0
8881,0
8882,0
8883,0
8887,0
8888,1
8889,1
8891,1
8892,1
8893,1
8895,1
8896,0
8897,0
8900,1
8903,1
8904,0
8906,0
891,1
8914,0
8915,0
8916,1
8917,1
8920,0
8922,0
8924,0
8925,1
8926,1
8927,0
8928,1
8929,1
8930,1
8931,0
8932,0
8934,0
8938,0
8939,0
894,1
8940,0
8941,0
8942,0
8943,0
8944,0
8947,1
8948,1
8950,0
8952,1
8953,1
8955,1
8957,0
8959,1
8964,1
8966,1
8967,1
8968,1
8969,0
897,1
8972,0
8973,0
8975,0
8976,1
8977,0
8978,1
8981,1
8986,1
8988,1
8989,0
8991,0
8992,0
8994,0
8996,1
8997,0
8998,1
900,0
9000,0
9001,0
9003,0
9004,1
9005,0
9006,1
9007,1
9009,1
901,1
9011,1
9012,0
9013,1
9014,1
902,1
9021,1
9022,0
9023,1
9027,0
9028,1
9029,0
9031,1
9032,0
9035,1
9036,0
9038,1
9040,1
9042,0
9044,0
9046,1
9048,0
905,0
9050,1
9052,1
9055,0
9059,1
906,0
9070,0
9075,1
9078,0
9079,0
908,0
9084,1
9087,0
9088,0
9089,1
909,1
9091,0
9094,1
9097,0
9098,1
91,1
9102,0
9105,1
9107,1
9108,1
9109,1
9112,0
9113,0
9116,0
9118,0
912,0
9120,1
9121,1
9123,1
9125,0
9126,0
9128,0
913,0
9132,1
9134,0
9138,1
9139,0
9142,1
9144,1
9145,0
9147,1
9149,0
9151,1
9152,1
9153,0
9154,0
9155,1
9156,0
9157,1
9159,0
9161,1
9162,1
9163,0
9165,1
9166,1
9167,1
917,0
9172,1
9173,0
9175,0
9176,1
9178,0
918,0
9180,0
9182,0
9184,0
9185,1
9186,0
9187,1
9188,0
919,1
9190,1
9191,0
9193,0
9200,1
9201,0
9202,0
9204,1
9205,1
921,1
9211,1
9214,0
9215,1
9216,0
9218,0
9219,0
922,1
9222,1
9229,0
9231,0
9235,0
9237,1
9238,0
9239,0
924,0
9240,0
9244,1
9245,1
9246,1
9247,1
9249,0
9250,1
9251,0
9252,1
9258,1
9260,1
9264,0
9265,0
9270,0
9272,0
9275,0
9279,0
9282,1
9283,1
9284,0
9288,1
929,0
9290,1
9291,0
9294,1
9297,1
9299,0
930,1
9300,0
9301,0
9303,0
9304,1
9311,1
9313,0
9318,0
9319,0
9322,1
9325,1
9326,1
9328,0
9329,1
9331,1
9332,1
9335,0
9336,0
9337,0
9340,0
9342,0
9343,1
9344,0
9346,1
935,0
9350,1
9352,1
9353,0
9358,1
9360,0
9362,1
9365,0
9366,1
937,1
9371,0
9372,1
9375,0
9378,1
938,1
9380,0
9381,0
9382,1
9384,0
9387,0
9388,0
9392,0
9393,1
9395,1
9397,1
9399,0
94,0
9402,1
9403,0
9404,1
9405,0
9406,0
9407,0
9409,0
941,1
9410,0
9412,0
9415,0
9416,1
9417,1
942,0
9423,1
9424,1
9425,0
9426,0
9430,0
9431,1
9432,0
9435,1
9438,1
944,1
9442,1
9443,1
9449,0
9450,1
9452,0
9453,0
9454,1
9455,1
946,0
9462,0
9465,0
9466,1
9467,0
9469,1
947,0
9471,1
9474,1
9475,0
9476,0
9477,0
948,0
9482,1
9483,1
9485,1
9486,0
9487,1
9488,1
949,0
9491,1
9492,1
9493,0
9494,0
9497,0
9498,0
9499,0
95,1
9500,0
9501,0
9503,1
9506,0
9507,1
9508,1
9510,1
9511,0
9513,0
9514,0
9515,0
9517,1
9518,0
9519,0
9520,0
9523,1
9526,1
9527,0
9528,0
9533,1
9534,0
9535,1
9538,1
9542,1
9543,1
9545,0
9546,1
9547,0
9550,0
9551,1
9553,0
9554,1
9555,0
9557,1
956,1
9561,1
9562,1
9563,1
9564,1
9567,1
9568,1
9569,1
9570,1
9571,0
9572,0
9573,0
9574,1
958,1
9580,1
9582,1
9585,0
9589,0
959,1
9594,1
9595,0
9596,0
9597,0
9598,1
9599,1
9600,1
9601,0
9602,0
9603,0
9605,1
9606,0
9607,0
9608,0
9609,0
961,0
9611,0
9613,1
9614,1
9615,1
9616,1
9619,1
962,0
9620,1
9624,1
9628,0
963,0
9630,1
9632,1
9633,1
9635,0
9640,0
9643,1
9646,1
9648,1
9649,0
965,0
9650,1
9652,1
9653,1
9654,1
9655,0
9656,1
9657,0
9658,0
9659,1
9660,0
9661,1
9663,1
9665,1
967,0
9670,1
9671,1
9673,1
9674,1
9675,1
9678,0
9679,1
968,1
9681,1
9683,1
9685,1
9686,0
9688,1
969,1
9690,1
9691,0
9695,1
9698,1
9699,1
9701,0
9704,1
9706,1
9709,0
9711,0
9714,0
9715,1
9718,1
972,1
9720,0
9722,0
9725,0
9726,0
9728,0
9729,0
973,1
9730,1
9731,1
9733,1
9734,0
9735,0
9736,0
9737,1
9740,0
9743,1
9745,1
9748,0
9749,1
9751,1
9752,0
9754,1
9757,0
9758,1
9759,1
976,1
9760,1
9761,0
9762,0
9765,1
9767,0
9768,0
9773,1
9774,1
9781,0
9782,0
9783,0
9785,0
9786,1
9788,1
9789,0
9791,1
9792,1
9797,0
9798,0
980,1
9800,0
9803,0
9810,1
9812,1
9817,0
9818,1
9825,1
9826,0
9830,1
9831,1
9835,1
9836,1
9837,1
9845,1
9846,1
9848,1
9850,0
9851,1
9852,1
9853,1
9857,1
9859,0
986,0
9861,1
9862,0
9865,1
9868,1
9869,0
987,0
9870,0
9871,1
9873,0
9874,1
9875,0
9879,0
988,1
9880,1
9884,0
9887,0
9888,0
9889,1
989,0
9890,1
9896,1
9897,1
9898,1
9899,0
99,1
990,1
9901,1
9903,0
9904,1
9905,1
9907,1
9908,0
9909,0
9911,0
9917,1
9922,0
9926,1
9927,0
9928,1
993,1
9935,1
9936,0
9937,1
9943,1
9944,1
9946,0
9950,1
9952,0
9953,1
9955,0
9956,0
9957,0
9958,1
9960,0
9961,1
9963,0
9965,1
9966,1
9967,1
9968,1
9970,1
9972,0
9974,0
9976,1
9977,1
998,1
9980,1
9982,0
9983,0
9988,1
9992,0
9993,0
9994,0
9999,1
